Longitude,Latitude
-111.4102,49.87324
-112.39699,49.08995
-113.56982,49.81509
-110.25869,50.74668
-111.84916,50.56388
-113.02852,50.60147
-114.42456,50.48053
-112.64694,51.77818
-113.77234,51.21261
-116.22023,51.46021
-110.65127,52.46309
-111.07638,52.20111
-114.47782,52.02799
-116.39168,52.25872
-110.86644,53.49666
-111.52556,53.71555
-112.78208,53.33769
-113.88548,53.68701
-114.22008,53.16381
-117.71063,53.3741
-110.8863,54.0577
-111.2782,54.26763
-114.71491,54.12038
-116.21592,54.13311
-118.22621,54.75011
-113.44,55.486
-114.91416,55.49903
-119.21774,55.1415
-117.82119,56.27611
-111.83849,59.98857
-111.61484,59.86175
-115.07526,50.98545
-114.04528,49.0201
-111.11275,50.92139
-112.02041,50.30279
-113.82728,50.42635
-114.09345,50.54263
-110.38028,51.44533
-111.20079,51.57551
-112.13115,51.95441
-113.89621,51.56148
-114.21268,51.54794
-115.40694,51.66166
-113.98702,52.61069
-114.40959,52.5814
-117.51832,52.48771
-111.76012,53.10329
-112.14825,53.10505
-113.1229,53.11978
-110.30494,54.18052
-112.8288,54.43414
-113.91555,54.05083
-117.03659,54.36335
-115.13917,50.6917
-113.65683,49.26174
-114.48967,49.63589
-112.31428,50.16448
-113.39021,50.48464
-114.2469,50.51364
-110.19278,51.35788
-111.51697,51.76553
-112.33055,51.18333
-113.7321,51.4154
-114.19363,52.65721
-117.34166,52.98463
-111.24257,53.77624
-113.85339,53.3377
-114.78773,53.48311
-115.11754,54.03515
-115.25994,54.999
-111.51741,49.75642
-113.78431,49.74948
-110.32547,50.55749
-112.99408,50.60144
-113.39054,50.01932
-110.91913,51.44452
-111.47615,51.41613
-112.04431,51.32885
-114.25969,51.32922
-114.40958,52.40635
-113.19621,53.1343
-114.48941,54.34059
-114.079114,49.875772
-112.17449,50.92147
-111.19086,51.27059
-113.21913,52.20114
-114.17258,53.01772
-112.01798,54.91816
-110.56255,49.10149
-87.6041417,34.868688
-87.0592352,34.0297881
-86.2030371,34.8680404
-85.9258408,33.1913463
-85.7511714,33.6076572
-86.1153789,33.8116977
-86.6010915,33.4549551
-87.5888357,33.8481773
-88.1712189,33.4765537
-88.3172665,32.1307226
-87.8359539,32.2782397
-87.2158334,32.442715
-87.5153953,32.7846996
-86.2754989,32.1312407
-86.7017714,32.6594297
-86.1307777,32.5890245
-85.5530853,32.3116131
-85.2044589,32.8854647
-85.0626449,32.1473077
-86.250378,31.5859083
-86.6131969,31.4439507
-86.8858316,30.9977072
-87.2090516,31.7399574
-87.1203132,31.3180673
-87.1007539,33.1156047
-87.7621469,34.1311637
-86.4773569,34.3142387
-87.8205274,33.1379607
-88.1229309,32.6807827
-86.7118894,32.3276808
-85.7164607,32.5816871
-88.38516,31.2926075
-87.7767179,31.7097587
-85.6508719,31.6676037
-87.3907904,34.4236313
-85.565583,34.5810567
-88.0092154,33.2811827
-87.4241383,33.2638251
-86.4457647,33.718519
-87.5381089,32.4128107
-85.8711729,32.4341515
-87.0654001,31.2283931
-86.270046,31.4086552
-85.4115544,31.0322875
-87.7299991,30.3038647
-86.9887629,34.9292307
-86.0671689,34.9895137
-87.2543912,34.6030578
-86.4734413,34.2126918
-85.9323092,34.3086241
-85.7466579,33.6296357
-87.8350582,31.0706664
-88.1123348,30.248466
-87.5183917,30.2816323
-87.6024375,30.370222
-86.3312989,33.2905307
-85.450491,33.9413322
-86.1117753,32.822371
-86.6604516,34.8223669
-85.8594579,34.7575557
-88.1671198,33.6853138
-86.3813006,33.8564625
-86.1573541,33.3180161
-85.464604,33.1844368
-87.3792753,32.1930088
-86.5697685,32.4860839
-85.2532189,32.5033347
-87.6361759,31.7459607
-85.2558091,31.7296264
-87.6374375,30.803493
-141.2785932,64.552796
-144.0890949,65.7907167
-146.727508,65.2698047
-146.0769649,64.2556227
-148.417832,65.5631957
-143.8893879,62.7247807
-143.9862892,63.6152141
-141.8052529,63.0127307
-146.0607299,63.0531897
-147.944427,63.2771884
-148.86,63.3793062
-134.7660128,58.4423687
-133.0848056,55.5557449
-146.9948586,64.5464143
-145.870208,60.4971524
-145.9169019,61.0587623
-144.9583298,61.7342231
-147.1759823,61.937256
-149.4276,61.58697
-150.7868883,60.5957398
-151.7956533,59.7967661
-135.1551062,57.0173668
-152.45,57.5333333
-146.0599662,65.0544087
-158.5270562,59.0346173
-156.4585984,58.6704647
-146.515638,62.2317426
-132.7658694,56.7395445
-132.3798899,56.4599307
-152.6177,57.8128265
-150.2366378,62.3172987
-150.5656383,60.5259627
-151.560698,59.6464107
-149.71492,67.6695397
-149.842437,61.4001417
-165.3122783,64.4875219
-150.6324337,66.4417734
-150.29011,67.0166107
-145.7282965,64.0157146
-149.3473217,68.4265923
-148.8351789,68.8572136
-135.0455629,57.9218687
-150.6131749,65.0076556
-148.65472,65.4883997
-142.3235417,63.6093407
-165.9993285,64.7776327
-155.523896,64.4609377
-165.3015102,64.61589
-135.3507079,59.5294227
-163.1690916,62.0526113
-166.0880717,64.8314753
-132.7665559,56.3501108
-135.0598309,57.8376397
-155.6186013,62.9117822
-145.3482303,60.4652137
-112.0460509,36.7313947
-114.4831159,34.9859877
-113.9188229,34.7270747
-112.4327389,34.6437087
-114.2169649,33.6562037
-114.3988546,32.8332815
-113.5413359,32.9285617
-110.3031159,32.0343407
-110.7949529,31.5175977
-112.0319722,36.3131479
-111.4526999,36.9132282
-114.582156,35.1226722
-111.9475859,35.1634107
-112.6192267,34.7733727
-110.7666667,34.7
-114.668276,33.2314477
-112.9375459,33.2869987
-112.677217,33.3339864
-111.6398389,33.8177037
-114.4452209,32.8548017
-111.3291239,32.57312
-110.5053099,32.5434377
-111.0671459,31.7120327
-110.9446259,31.9576267
-113.4587859,36.6901017
-111.0768659,36.6095467
-113.3760172,35.5541565
-112.5859679,35.2307957
-111.4382855,34.8379964
-111.3789069,33.0385437
-110.9464649,33.5656117
-112.86988,32.4655
-111.3334729,32.9583127
-114.6620259,35.8663187
-91.3322519,33.1683737
-92.6974039,33.5907857
-93.4706879,33.3755757
-93.6694105,33.6627163
-94.1229479,33.6969877
-90.5065699,34.9269397
-91.4995419,34.0487397
-93.2513959,34.0344927
-94.0440279,34.9704407
-91.3426352,35.9114603
-92.7182699,35.6330837
-92.1956399,35.5702167
-93.6640897,35.4263985
-93.0696409,35.7806777
-94.3318236,35.3514159
-90.9236529,36.4436877
-91.7354059,36.0989147
-92.1148009,36.4061087
-93.2802279,36.1206137
-94.1100149,36.4053037
-94.303299,36.329802
-93.472462,36.394077
-91.22905,36.313763
-90.000225,35.901224
-91.658032,35.373736
-92.442323,35.939336
-93.68179,35.075027
-93.689266,34.65949
-92.001796,34.559183
-91.573969,34.13829
-94.006856,33.782848
-92.967494,33.454572
-91.220963,33.796907
-94.344402,35.615095
-92.5894309,33.9394687
-91.7077371,34.7008083
-92.8007333,34.7023815
-92.633333,34.35
-90.2867129,35.5182227
-91.3577331,35.3146835
-132.91063,60.23361
-135.29369,61.10043
-136.98192,61.19712
-140.56152,61.98868
-135.89342,63.59103
-136.61448,63.39463
-138.751,63.99044
-136.71056,66.44292
-133.29451,60.48948
-139.22398,61.43374
-138.363,64.73316
-137.05841,60.3721
-78.4653682,39.060195
-79.4594489,38.2891547
-79.1647743,38.1909534
-78.5051729,38.5758867
-78.1721466,38.4538015
-77.2184791,38.1740529
-77.5897828,38.6248921
-82.4750989,37.2138017
-81.9476239,37.0178877
-79.873929,37.4881381
-79.2990119,37.5332587
-78.5422838,37.9095168
-78.7872126,37.7014449
-78.9826802,37.3326887
-77.8218239,37.9811797
-77.6223439,37.2171627
-76.341428,37.6595013
-76.6789481,37.8800004
-76.9863819,37.0842847
-75.7320849,37.5482647
-81.9508764,36.8831551
-80.1918559,36.7674727
-79.7629019,36.6058887
-79.2532438,36.6309512
-78.5908119,36.8559727
-78.0088473,36.6079187
-77.1454409,36.6057147
-77.2865338,36.5960851
-76.0167249,36.7293227
-78.2602839,37.2315367
-79.076783,37.0463681
-78.7968679,37.3591367
-77.1604648,37.1015582
-82.7480769,36.7021737
-124.2718359,48.2533397
-123.3860549,48.1127527
-121.2122809,48.7004247
-120.2118449,48.3550687
-119.8061899,48.0936267
-124.2942279,47.3475467
-123.0994489,47.1305417
-119.2576519,47.0871717
-117.9280779,47.7305767
-123.1780619,46.2603987
-121.3902819,46.6387037
-119.9901579,46.0599687
-118.8255839,46.4294877
-117.0559849,46.3417127
-120.25,45.9666667
-122.1426999,48.9733887
-121.9026259,48.8336397
-120.1732639,48.5091787
-117.2723999,48.3856347
-121.0136489,47.2274587
-120.6802069,47.5534987
-119.8794779,47.3151767
-117.7335889,47.0760577
-121.5554509,46.4024557
-120.5699539,46.9554377
-118.3682399,46.2373387
-121.4705739,48.1711937
-120.1583639,48.2516757
-123.4988999,47.9693587
-121.7570189,47.4551907
-120.6971899,47.2433867
-118.1635439,47.1349527
-117.3798749,47.1741037
-121.9182969,46.7412427
-119.3451239,46.9700517
-122.4719929,48.5374977
-119.0483859,48.2241597
-118.1161269,48.6756907
-117.8829919,48.8504757
-122.3002169,47.9220717
-120.6677929,47.7443867
-119.6308899,47.6640047
-117.9899749,47.8873847
-123.4697269,46.5431147
-122.4157869,46.8066477
-121.9848029,47.7443857
-117.1882249,48.8474137
-118.6507939,46.8232937
-122.86911,46.726114
-80.7326693,37.9457139
-80.3143619,37.6627657
-81.1552555,37.3039582
-81.1148229,37.6168997
-81.7666849,37.5320007
-81.4097591,38.793062
-81.0222682,38.7133034
-81.7998809,38.5848407
-81.9661949,38.2174027
-81.7243649,38.2356237
-80.3742359,38.3420287
-80.7951792,38.8296121
-80.2288669,38.0801867
-80.8973158,38.566293
-79.8181159,38.3707667
-79.4290148,38.5618406
-81.5532319,39.0495129
-81.0341349,39.0904426
-80.7304852,39.9139422
-80.2029429,39.4199317
-80.5250999,39.0491547
-80.7730165,39.652653
-80.8687829,39.3782737
-80.5872959,39.5044097
-79.8489868,39.5730496
-79.935752,39.0940821
-78.5094379,39.1823897
-80.0991062,39.1928067
-92.1964109,46.3964397
-91.4282439,46.5232187
-91.8218079,46.0670957
-91.0900569,46.3087137
-90.9468609,46.7999037
-90.7900389,46.1105637
-90.1542219,46.3414537
-89.6003879,46.1709797
-92.7478269,45.0280407
-92.6673889,45.3718767
-92.4981849,45.9602047
-92.2379749,45.5969217
-91.8894659,45.5385417
-91.4793629,45.3129597
-91.2353139,45.8737727
-91.1942679,45.7114417
-90.7920749,45.1410957
-90.1872869,45.6572627
-90.0875099,45.3240447
-89.2840419,45.2325217
-89.6369409,45.3150927
-89.5094999,45.7693237
-89.1549899,45.9284757
-88.8778549,45.8427157
-88.7750249,45.4638297
-88.6286329,45.3745537
-88.0179749,45.5054967
-87.8743129,45.4469757
-86.9307629,45.3659387
-92.4279399,44.6509917
-91.7837359,44.1920937
-91.6793739,44.4009957
-91.3711239,44.0129837
-91.1258789,44.9295287
-90.3574219,44.8143967
-90.3827969,44.1973007
-90.0650949,44.6989087
-89.8554319,44.4454137
-89.4892659,44.6134037
-89.2453309,44.7766037
-89.0520699,44.2134397
-88.9513789,44.4254667
-88.7788779,44.6191537
-87.7016689,44.0520617
-87.6425339,44.5887327
-91.0057829,43.7898747
-90.8675449,43.5329127
-90.7422119,43.3269947
-90.2094039,43.8227657
-90.3552409,43.7857987
-89.8669289,43.4457507
-89.2274789,43.5381577
-89.1280059,43.9129677
-89.0411229,43.4580257
-88.4804309,43.6162427
-88.7352209,43.4565557
-88.9008629,43.4992847
-88.3351209,43.6599137
-87.8785709,43.3759057
-90.9601049,42.8165957
-90.4357819,42.5180847
-89.9655699,42.6391427
-88.7095809,42.9178507
-88.0517639,42.6113857
-87.9862509,42.8005177
-90.5367439,45.0884697
-88.704253,44.0331367
-89.6668479,43.0002617
-91.9549099,46.6330277
-90.9078369,46.3269267
-89.2588499,46.0476047
-92.4933019,45.7427327
-91.3051159,45.8488177
-90.6226889,45.8427177
-89.1251229,45.6998027
-88.8205556,45.6577778
-91.7922969,44.7379837
-90.3147969,44.8877797
-89.5982599,44.0829597
-88.9391789,44.9221977
-87.8918599,44.1095107
-91.0779429,43.0674397
-90.6626669,43.0391137
-89.5292049,43.5621967
-88.0415409,43.8770447
-90.2112029,42.9378547
-89.1104419,42.5113107
-88.0496139,44.3429157
-88.2762261,42.9592306
-110.4156649,44.9160067
-109.1344079,44.4668237
-106.7184519,44.7890327
-104.4206459,44.4252167
-109.4431149,43.4174237
-107.4300839,43.5968807
-110.1608579,42.0737597
-108.6225589,42.1794577
-107.4436569,42.8775297
-106.1200029,42.8691687
-110.7646789,41.2728697
-106.6531979,41.2001097
-104.2862009,42.0167727
-110.7342539,44.8808077
-108.700013,44.09196
-107.4513399,44.0342197
-107.2723989,44.9582907
-106.9380789,44.3157337
-106.1303939,44.6516797
-109.6336139,43.5337167
-108.2157059,43.7997187
-107.0216849,43.1052467
-107.6895359,43.2696147
-107.9682469,43.9788367
-106.8707959,43.8837877
-106.1980599,43.6495507
-104.9131849,43.9437317
-108.8392939,42.7370707
-108.1937259,42.6373937
-107.6910709,42.2318677
-107.4353169,42.1622097
-106.9904259,42.5664457
-106.5688169,42.2489347
-106.4130859,42.2409977
-105.8889389,42.4363077
-105.2973399,42.2169227
-104.41854,42.828263
-109.1835779,41.5697327
-106.3898999,41.6851957
-104.1193009,41.2153307
-105.8112249,42.8372527
-104.3682667,44.9683375
-104.2504959,44.5140157
-108.84019,41.8899757
-105.7138139,44.2045607
-110.6663889,43.9867047
-104.1752214,44.2694606
-108.42982,41.7025687
-114.73244,49.29379
-117.25726,49.14681
-120.59727,49.15319
-121.68847,49.29488
-118.74332,50.44063
-119.32095,50.67375
-120.71029,51.38704
-121.97944,51.41319
-122.06768,52.14952
-123.52471,52.2551
-120.0785,53.27895
-119.67144,53.08394
-126.79256,54.36058
-128.58215,54.37166
-129.29622,54.33308
-120.15842,55.45441
-123.20833,55.45083
-127.8863,55.15831
-129.28439,56.10483
-125.24111,50.02638
-133.79492,60.00029
-124.83168,54.08715
-132.05651,54.03085
-115.64972,49.64847
-118.47504,49.04169
-119.72963,49.59762
-119.08702,50.26615
-121.82873,50.88093
-122.95793,50.14379
-121.46523,51.97885
-122.40933,51.95592
-123.07011,51.79483
-124.36813,51.98254
-121.38518,52.47331
-122.8157,53.9421
-127.31883,55.00224
-131.79334,53.20804
-124.17869,49.78313
-129.06944,59.96444
-136.59568,59.78907
-123.54811,48.74932
-124.05783,48.82305
-118.77692,49.70977
-119.27952,49.10741
-121.38798,49.02589
-122.53478,49.18402
-124.09906,49.19418
-118.77176,50.21164
-119.08629,50.81583
-121.61208,50.78927
-122.25638,50.43183
-119.5261,49.25746
-120.22432,49.40133
-123.17833,49.68665
-125.09807,49.64242
-121.5819,50.24223
-120.14918,49.72025
-120.9503,50.13425
-123.0047055,41.8223332
-123.9615249,40.4150917
-122.3059647,40.3520163
-122.9409709,39.5232837
-120.7596199,39.1239687
-123.5854569,38.8035918
-121.7519384,38.0878897
-119.8362579,38.3432387
-120.860951,37.5947824
-119.6302109,37.3670857
-116.8011859,33.3988807
-114.7292329,33.4048617
-121.2813029,36.8242987
-119.3047559,36.6315997
-117.800197,35.6076917
-116.1930811,35.8040435
-115.1040949,34.0883297
-122.8668979,38.0453507
-120.6326679,39.7846537
-121.704424,39.9935292
-122.2390059,39.7633427
-123.5822599,39.1612277
-119.8237379,38.7754607
-115.8016279,33.6738577
-115.4847789,33.2200507
-120.2906994,38.5562592
-119.1943049,38.1752167
-122.3819302,40.5164906
-121.0356899,38.7202247
-116.7862853,33.1990869
-121.6956939,36.4530827
-118.0989909,36.5074727
-118.6547779,36.4664267
-119.0450209,34.7383427
-119.5118359,36.6992615
-118.2071003,35.5494581
-118.9088976,36.8189424
-120.5084609,35.3183817
-119.7298739,35.0931687
-120.3368295,41.2351468
-120.9253159,38.7687607
-121.1597352,37.5141365
-119.8035199,37.7472667
-120.4258218,39.6153759
-121.6093062,39.4978958
-123.3982919,39.5664857
-121.9157259,40.3357087
-120.1080006,40.4932903
-123.0337989,40.6589377
-120.3753129,41.7332787
-121.8916067,41.9998861
-122.0111142,41.8224004
-122.1355519,41.2323207
-122.1464708,37.8183531
-121.0644229,35.9222607
-123.4877394,41.3813232
-123.6037721,40.1732694
-122.6387259,40.0279597
-120.623502,40.2017613
-123.484892,39.6878368
-122.719303,38.5498734
-120.4473869,38.7694117
-121.6774341,37.2521703
-120.6452578,37.9834939
-123.0480649,38.3407717
-122.1565019,37.2115267
-122.6334149,41.7401687
-121.8238479,41.2528113
-119.1614638,37.2556212
-123.2270969,39.1634647
-116.48047,32.92408
-121.1582986,36.7497605
-116.7979649,33.5014318
-122.5109615,38.3796305
-122.2276839,37.1650627
-120.6797897,38.3539344
-124.0540137,41.8020549
-121.2574609,41.6708967
-120.5011538,41.8699632
-120.4745547,41.0534621
-123.4827189,40.8031297
-122.8597869,40.1803227
-120.8358171,40.4392679
-120.9961818,40.0402279
-120.5734077,38.7396833
-120.7242129,38.7995807
-119.7938035,37.4618753
-123.8982699,41.7045577
-123.0816729,41.0822737
-120.0376959,38.1700196
-123.6046832,40.8879703
-120.5453404,40.1541637
-121.73284,37.665124
-108.0883263,40.7402199
-107.6901017,40.8403233
-106.874918,40.1531859
-105.0392299,40.5090827
-103.440258,40.2096396
-102.9337159,40.6569477
-107.6483229,39.9658907
-106.7610657,39.2438073
-105.2791994,39.2209796
-104.3691567,39.3798417
-103.6493769,39.8568857
-102.6325909,39.8307687
-108.1390507,38.694789
-106.7550729,38.5137277
-105.8127155,38.025678
-104.0920409,38.8398807
-102.5212329,38.1437717
-107.7918089,37.2149507
-103.1977919,37.9979687
-102.2921829,37.6879837
-108.4153871,40.0653006
-107.9697719,40.1380256
-106.4591899,40.8796847
-104.6963429,40.3052417
-103.3439259,40.8478437
-102.7182079,40.2631147
-106.2206124,39.5442667
-105.4160009,39.0800627
-104.1886679,39.8407587
-102.4274519,39.3883077
-108.623622,38.7397289
-106.9174979,38.5920517
-106.5542061,38.5112521
-104.0715939,38.6945177
-103.9489359,38.1746667
-102.5906749,38.6933497
-108.0204389,37.7907487
-105.7459646,37.1810849
-104.0585169,37.0446817
-102.5796589,37.1052137
-105.5525819,37.2872957
-108.5755774,39.0521056
-107.0036239,37.7792747
-106.4250933,37.6329865
-108.6736679,40.6165527
-107.0331404,40.2101727
-106.4907839,40.1331937
-105.4722069,40.7597487
-104.5420149,40.8566157
-102.0845649,40.6141447
-108.4622799,39.5130367
-107.6169662,39.6468148
-105.85,39.6666667
-103.7867237,39.373985
-102.5923459,39.5341427
-107.6025079,38.8387837
-106.4305419,38.7474207
-105.2290729,38.3674037
-103.2345199,38.1719747
-102.7381166,38.2958688
-108.0888449,37.7801857
-107.183624,37.2329382
-106.1915747,37.0593545
-105.927905,37.6909727
-102.2766499,37.1640087
-108.5596319,40.2777657
-107.8616029,40.6681037
-106.9331855,40.6746076
-105.4284449,40.5692247
-103.7997669,40.3492697
-102.3257889,40.9679121
-107.3678337,39.0799673
-104.3773535,39.7238537
-102.1105579,39.1718637
-108.4608309,38.0687767
-106.1069649,38.4480577
-105.7794649,38.6441327
-104.4588733,38.5495769
-102.2107619,38.2460697
-108.7610769,37.8399527
-106.6533167,37.6490053
-103.8764488,37.95117
-102.8682559,37.2067937
-108.7539818,40.2044442
-107.8736167,40.0522652
-107.6922689,39.7578337
-105.5238079,39.8235192
-104.7380455,38.9999639
-108.5366804,38.2700861
-107.7416909,38.1738367
-106.8645557,38.0540197
-108.4743579,37.4432477
-106.2560823,37.8392179
-105.232388,37.9410936
-104.5848671,37.3389499
-106.1788927,39.1305537
-104.5086695,39.9848652
-104.4189177,38.0641056
-105.5210119,37.0988956
-106.00812,40.179928
-72.5159969,41.7026037
-72.1530946,41.417728
-72.4984279,41.2710807
-72.1354049,41.7771877
-73.2167392,41.5493443
-73.5009399,41.5387127
-73.5313225,41.3362789
-72.5906625,41.5651229
-72.8512329,41.5832977
-72.9270422,41.7378788
-72.9557559,41.8805267
-75.6860679,39.5003037
-75.5873207,39.7518831
-75.5366119,38.9594417
-75.4652999,39.0287137
-75.2899489,38.7480537
-75.6392639,39.3705837
-75.4638509,38.7324037
-87.4079434,30.9291812
-86.2758321,30.3755433
-86.4809129,30.5193157
-85.1334541,30.5288404
-85.2869789,30.3372497
-84.0413094,30.5950194
-85.3003555,29.7818335
-83.8569684,30.2734632
-83.3782062,29.6686989
-82.7337409,30.5026237
-82.394802,29.1916199
-84.9762879,29.9877641
-82.1186659,27.4438745
-81.3438119,29.8899427
-81.9062085,30.7202649
-82.3022052,28.3266818
-81.8343049,29.8970697
-81.8605659,28.1788407
-81.9816829,28.5723877
-81.4189503,27.3232866
-80.8712309,28.7481187
-82.1462286,27.6610372
-80.9676799,25.7510497
-80.3854635,26.9657323
-82.1623546,30.2531989
-86.7860494,30.7209289
-86.1160696,30.7184797
-85.2426415,30.5335474
-85.7419899,30.9498107
-83.6676053,30.2929508
-84.6639032,30.387698
-81.9519897,30.5196049
-83.2158819,30.5193097
-84.340943,29.9468226
-81.8774959,29.5359317
-81.1983453,29.4080424
-82.1719367,28.6471072
-80.8980039,28.1011187
-81.5469756,28.6901383
-81.3372759,28.3225489
-81.4536353,27.7611546
-80.2292965,26.0856265
-81.126711,26.5587549
-83.0674784,29.6862263
-82.6352619,28.2764097
-81.7610009,26.9459847
-81.6570333,25.9322682
-85.836483,30.53685
-85.0052085,30.3242578
-82.119094,29.4553574
-82.5089729,28.0402277
-81.7191254,27.9007144
-82.0333415,26.9297114
-80.9335333,25.1388716
-86.455486,30.965694
-82.2851269,29.1871917
-82.334936,27.769929
-81.6004029,27.4972377
-80.4147339,25.618989
-81.5829559,24.597703
-81.4181496,31.3641465
-83.0293039,30.9276387
-82.3558447,31.9696201
-84.5234609,30.8199147
-84.7198949,31.7456477
-83.4524425,32.3986852
-83.9907256,33.0058447
-84.4948117,32.9365857
-83.2572724,31.212031
-82.4803579,33.7890197
-83.1735057,33.7540376
-84.4058069,31.2906127
-83.3156813,34.0324127
-84.7282157,34.566415
-84.7868559,34.0545254
-83.7887419,32.3776397
-83.5415723,34.4948364
-83.0957341,33.5197045
-84.2682799,32.1823297
-81.637766,32.8829954
-83.6478349,32.9464727
-85.2533567,33.5381995
-85.3463759,34.6689717
-84.5636584,32.3152912
-85.0490155,34.3863104
-84.0687099,34.7642707
-83.4074789,34.9172777
-84.2188269,33.6307147
-83.8122125,33.1053145
-82.6759719,33.6477247
-82.8309704,33.0291229
-83.5781559,32.1468537
-82.9529801,32.1747043
-82.3672037,32.88997
-83.5531469,31.9142657
-81.6930981,32.6493901
-83.80112,30.6653217
-82.3713072,32.1084995
-82.8023609,31.4577244
-81.6271416,31.6168883
-82.706828,30.6012759
-81.671898,30.928942
-82.7110995,30.8156483
-81.9385286,31.060394
-81.2589304,31.7275586
-82.4003766,31.6994191
-82.0547405,32.4826257
-81.8440915,32.6387756
-83.3946338,31.911593
-84.0168649,31.7538576
-84.6928996,31.9559887
-84.4158115,32.8593849
-83.119901,33.1701743
-82.553544,33.8799945
-83.7041676,33.6804525
-84.2837106,33.382002
-85.253731,33.4037868
-83.8381378,34.1726911
-82.7559864,34.1982791
-83.1032176,34.3932407
-84.5124264,34.906261
-85.497565,34.6117851
-85.424102,34.7223756
-116.3974909,48.5817917
-116.6672685,47.7825805
-116.5560346,46.4532553
-116.1124649,45.8813157
-115.681061,45.8118141
-113.5624829,45.0341095
-115.0979702,44.4572034
-114.1743245,44.6127281
-112.2561867,44.2384571
-115.951094,43.7258179
-113.5630006,43.4619319
-112.7317982,43.1104288
-114.2794532,42.3311564
-112.519388,42.8548166
-116.8492509,48.4797897
-114.8761118,43.9110934
-115.2124573,42.953922
-111.7185508,42.9613154
-116.0228279,47.250284
-116.8391482,46.4470219
-116.034299,45.3898886
-115.9475939,45.3420792
-114.0119991,45.0778394
-116.5087254,44.1957002
-115.4933479,44.9600847
-116.5088281,43.1584349
-115.3610245,43.4135132
-114.252264,43.4007821
-113.8743621,43.3387265
-112.3960119,43.8124267
-111.2006106,43.8248162
-116.9936762,42.6439302
-115.7179519,42.7918728
-114.0888322,42.431685
-113.8402099,42.2100017
-112.3918149,42.4988307
-90.0603721,42.2101956
-89.3321502,42.1593177
-89.0756312,42.0711057
-88.175335,42.1542181
-90.0300702,41.3974197
-90.217325,41.4846401
-89.4568609,41.1849333
-89.7704347,41.3504896
-89.7085965,41.3356226
-89.0175725,41.6502254
-88.8325718,41.0834818
-88.1879809,41.9335847
-87.5816027,41.2187664
-91.0568488,40.8036571
-91.1829978,40.2137205
-90.0013197,40.0810774
-90.9814019,40.6514497
-90.0331516,40.9170762
-90.5087794,40.8602881
-89.6657014,40.6004653
-89.7938841,40.9305488
-88.95069,40.9275498
-88.5584799,40.0787817
-88.6754284,40.8985328
-87.724604,40.6463646
-90.3451209,39.9897988
-90.1660041,39.4187241
-90.4109104,39.799577
-89.5158088,39.5753678
-89.2690071,39.4800841
-89.2049844,39.3998674
-89.4517437,39.5535471
-88.103613,39.8947071
-88.2670255,39.3671938
-88.195176,39.3149204
-88.3865649,39.6153298
-87.7777573,39.318607
-90.2587326,38.3851828
-89.8193422,38.5256201
-89.5364836,38.6981367
-89.6602444,38.6699717
-89.2943026,38.3511978
-88.233672,38.248185
-88.9703208,38.4401577
-88.1676148,38.70688
-88.4287356,38.6772904
-89.2352685,37.2325914
-89.7475091,37.9708433
-88.9437782,37.3198861
-88.5063589,37.5997248
-88.5193033,37.0730417
-89.7648861,42.1401616
-88.9154674,42.3994754
-90.5307719,41.3410603
-89.0833869,41.4844552
-88.5903464,41.311436
-91.1273048,40.0572405
-90.1357207,40.3045239
-90.550608,39.2888385
-89.8313118,39.3988002
-88.0246848,39.1055838
-88.2081104,38.0393916
-89.274296,37.2026548
-88.9445833,42.1740585
-91.3130559,39.9258337
-90.2808839,42.3972257
-89.3817229,42.4617907
-88.5617669,42.2186307
-90.9006359,41.0847167
-89.6694319,41.8306867
-88.4356718,41.5971421
-89.1297627,40.2639127
-88.8718234,40.7542777
-87.5396719,40.0813067
-90.4058819,39.8173797
-88.6689458,39.9526337
-87.706176,39.4014967
-89.3901378,38.8433817
-88.8800235,38.4982149
-89.0775209,37.8620527
-88.9472487,37.2950124
-87.2001879,41.3297597
-86.6205339,41.2735266
-86.2808379,41.0254887
-85.6760109,41.7259077
-84.9394079,41.6024567
-87.3633993,40.6790779
-87.0361216,40.4076491
-86.8139639,40.7078507
-86.1842198,40.5842651
-86.6959256,40.1495187
-85.5449749,40.0330447
-85.9044039,40.8532797
-84.8534885,40.7030618
-87.3743359,39.3319867
-86.2882699,39.6400767
-86.7031329,39.2638847
-85.4688349,39.6847217
-85.4421615,39.4677041
-85.7760939,39.5621707
-84.9764184,39.493804
-87.3919892,38.0976637
-86.7647789,38.7744667
-86.1929939,38.9190517
-85.9410399,38.6631267
-86.1463592,38.2672943
-87.4410458,37.9911389
-86.3655159,41.6368887
-86.0560979,40.2178547
-85.3574289,40.1346467
-87.1967394,41.5361624
-87.3693435,41.3911052
-85.4765733,41.750602
-87.0748779,40.9699502
-86.4502189,40.1985767
-84.9562309,40.8100197
-87.3561447,39.9820787
-87.0543672,39.125475
-86.5484989,38.7671667
-85.1623379,38.9509067
-87.6297459,37.9142237
-91.6797963,40.7698922
-92.8864804,40.6527332
-93.1717427,40.8887105
-90.2964159,41.9751747
-91.2703838,41.5687389
-92.3572989,41.8190707
-94.1444549,41.6586017
-94.0861889,41.7176327
-95.7265309,41.4483667
-90.6070319,42.0435847
-91.4172439,42.1986127
-94.5711599,42.0345317
-94.295246,42.6019638
-96.3743819,42.4902437
-91.8768028,43.0864727
-92.2585749,43.3492727
-94.0095139,43.2388517
-95.5844739,43.0405217
-95.1259581,40.6242636
-91.251362,41.7287592
-114.18089,62.52539
-117.44669,61.39831
-112.77347,60.04818
-121.23765,61.44489
-123.3158,60.30449
-110.20606,64.54431
-114.97411,62.53776
-96.72108,49.72673
-97.68673,49.51762
-98.02424,49.38436
-99.21111,49.04413
-100.12712,49.34073
-95.68431,50.41315
-96.60014,50.07638
-99.97931,50.19625
-101.06148,50.29948
-101.22415,51.40373
-101.41828,52.11445
-96.96796,51.09698
-100.92107,52.37626
-100.01828,53.01433
-93.80821,58.62024
-95.40772,49.44727
-96.88941,49.56482
-97.5052,49.97542
-98.9148,49.5463
-99.61608,49.01426
-100.64473,49.70979
-101.30176,49.28134
-96.5319,50.66556
-97.31403,50.74626
-99.46174,50.6981
-100.26061,50.9393
-101.22319,50.46177
-95.4268,49.23455
-97.84131,49.10385
-98.16004,49.51136
-99.87878,49.42911
-100.98697,49.41432
-95.39231,50.08359
-96.55677,50.44475
-97.83294,50.71275
-98.58808,50.12885
-99.44659,50.58765
-100.90475,50.84552
-98.30078,49.57677
-99.81088,49.48794
-100.08612,49.13203
-96.17788,50.14935
-97.48267,50.27061
-94.9950424,37.0321381
-95.3249979,37.5148587
-95.5008159,37.8493327
-96.3936159,37.9847547
-97.349158,37.3190352
-97.2582029,37.2322087
-98.8303289,37.9271847
-98.8298029,37.5142707
-99.2722929,37.1645227
-99.7413179,37.1334087
-101.4316489,37.9589257
-95.9097289,38.9715017
-95.8576087,38.5354618
-96.9002609,38.9939527
-96.5605733,38.3623234
-97.1112208,39.0607981
-98.0351929,38.5515107
-99.6617889,38.2040337
-99.4663929,38.8417547
-101.6508259,38.7278307
-100.3295925,39.5831024
-95.5671042,39.0805438
-95.5347369,39.251508
-96.8711409,39.9000807
-96.0269519,39.7690906
-97.0124144,39.9367553
-97.6123773,39.1902871
-98.7508415,39.3447742
-99.2540059,39.7702227
-100.2439639,38.9009177
-100.4350879,37.3143937
-101.9689869,39.1767667
-96.1012279,37.3003447
-97.3687519,38.9147327
-94.7416989,37.3099157
-95.4488589,37.3690207
-96.4347911,37.7958024
-97.4634159,37.7959759
-98.8762205,37.8545464
-99.3855484,37.8256648
-100.8706786,37.8296057
-94.6125164,38.215197
-95.1212223,38.680958
-96.9117521,38.5224225
-97.2078887,38.2039494
-99.2348417,38.3193226
-100.7232236,38.4682058
-101.3590971,38.1914654
-95.2272709,39.7839097
-96.5297375,39.6529209
-97.8192021,39.5668011
-100.6458939,39.4951963
-101.727883,39.1195241
-98.1535799,39.5671077
-83.7017979,36.6082857
-88.8622638,36.9068375
-88.1808759,36.6896267
-87.9605863,36.792622
-87.0088713,36.664255
-86.6314152,36.9907469
-85.7169959,36.8194377
-85.2699359,36.7007807
-84.9933879,36.6171577
-84.8339909,36.8211687
-84.6612332,37.390468
-84.8112865,37.470864
-84.8137054,37.9849668
-85.1284099,37.4126457
-86.1387677,37.2573275
-86.8961593,37.8199855
-86.2962376,37.5961302
-86.0179129,37.6179677
-84.8237459,38.7213307
-84.1633637,38.4344957
-84.5727271,38.3791569
-84.0681929,38.1661827
-83.9295763,38.2051493
-83.5630719,37.7389457
-83.8,37.6333333
-87.3322,37.2448
-85.7373309,37.5839876
-87.3525878,37.1070839
-85.2042619,38.2698117
-83.0919895,38.4235754
-82.9964384,38.4390546
-90.5110779,30.7018587
-90.2491541,30.8801251
-91.8208203,30.0641124
-91.5109166,30.8692521
-93.3426979,30.0082047
-93.3184289,30.8315727
-91.4440435,31.9792958
-92.29532,31.46457
-92.6215889,32.4602687
-91.8769586,29.7156229
-92.2329247,29.8458497
-90.7326251,30.8571966
-91.5101169,30.3986037
-92.4508969,30.0808747
-92.0510279,31.8183596
-91.4269719,32.4856776
-91.9569658,29.9842321
-92.5966809,29.9956057
-90.9416869,30.2694157
-91.1039109,30.9782167
-92.2865819,30.4219427
-93.1678412,30.4099932
-91.5965299,31.7369095
-92.3835537,32.0001519
-93.6603126,31.4575093
-91.2622069,32.8550727
-92.5649569,32.9745407
-93.2537839,32.1111307
-89.9669461,29.6924898
-89.9634259,29.2604957
-90.5588309,29.7559597
-91.2072539,29.6995057
-92.4323269,30.6521557
-92.963258,31.5639297
-91.627441,32.551556
-91.65069,32.385442
-92.3460469,32.3059287
-93.482775,32.5540378
-93.5734938,31.6696396
-92.2696438,32.9487841
-93.5489809,32.7507357
-93.015843,29.7708689
-89.8453979,30.2700817
-93.1474655,31.4823534
-92.1260979,32.0511467
-91.5183169,32.9737057
-93.4428329,31.9877557
-92.8142323,31.9552681
-91.9109869,31.9003707
-92.962092,30.2754072
-91.2220645,29.7220402
-93.586986,30.161849
-90.146244,30.832203
-92.30674,29.55323
-92.4277429,30.7662177
-70.6441649,43.2540347
-70.5150099,43.4994247
-70.7139509,43.0811777
-70.9579919,44.9258167
-70.4462749,44.8937287
-70.5624489,44.1485557
-70.2908259,44.3340297
-69.9697909,44.0133537
-69.4360208,44.9876199
-69.1551509,44.5892047
-68.9653549,44.8325017
-68.2555749,44.8325837
-70.190779,45.233007
-70.2128823,45.0776834
-69.0300449,45.0524467
-69.9283749,45.8641277
-69.5938347,45.4006104
-68.4164439,45.8165007
-68.5330449,45.6133217
-68.9008541,46.1086984
-67.8046179,46.4662437
-68.7805811,46.5514025
-69.1934195,46.7135253
-70.238518,44.2435971
-69.8609276,44.324762
-69.5425659,44.5995807
-69.381667,46.619
-69.931633,46.289506
-69.8804671,45.4140603
-68.9269629,44.4594758
-70.979445,43.9167261
-79.1557785,39.5041468
-79.1698659,39.4387843
-78.6014791,39.5429312
-78.8123259,39.6151476
-77.8655019,39.6129717
-77.5681548,39.6486494
-77.5489971,39.5780009
-77.3304347,39.7148359
-77.0930269,39.1514457
-77.0002244,39.1152852
-77.0384304,39.516536
-77.0236228,39.6423121
-76.9692792,39.6359624
-76.8137896,39.5515705
-76.7644397,39.7002158
-76.8160804,39.3456735
-76.3159492,39.4890766
-76.8497577,39.0164522
-76.5442846,38.168955
-76.8406989,38.5217447
-77.0780349,38.6021387
-77.0558732,38.5960742
-76.00685,39.628083
-75.94228,39.52083
-75.9042529,39.5231571
-75.7640082,39.276509
-76.1481269,39.2640947
-76.192383,39.10312
-75.8845056,38.783977
-75.9331139,38.8211117
-76.075195,38.7863193
-76.1997997,38.4607494
-76.2432656,38.3676908
-76.2101023,38.5258637
-75.7964256,38.5203297
-75.7898657,38.4485307
-75.5797027,38.1651924
-75.2663372,38.2256736
-79.1632229,39.6733819
-79.3101889,39.3377737
-78.9262269,39.7216828
-78.4762746,39.6399863
-78.4102428,39.6919359
-76.972531,38.558592
-79.1662387,39.5399409
-77.0169099,39.0308897
-77.3066703,39.2945828
-76.5142379,39.0378914
-76.6695275,38.9888945
-76.8166667,38.7166667
-76.5507449,38.4092014
-76.5743599,38.5019497
-75.5666203,38.3003961
-75.1181628,38.3112181
-75.4112061,38.2015289
-76.52063,39.63115
-70.1656255,41.750876
-70.7712211,41.7147936
-71.0799209,41.9386087
-70.8662472,42.0823387
-70.8188944,42.8153398
-71.4311953,42.4344551
-71.5305739,42.5199697
-71.8990443,42.1503703
-71.118451,42.0067334
-72.3589728,42.2697823
-72.2798896,42.6138086
-72.9055765,42.4645579
-72.8474923,42.3761743
-70.7828989,41.3440727
-71.8486346,42.4447746
-72.514409,42.2307416
-73.3017328,42.5582487
-67.67612,47.75451
-66.51451,47.40475
-64.83911,46.99828
-65.22097,47.80494
-65.29641,47.26688
-64.81201,47.61835
-67.5403,46.35704
-66.9302,46.40997
-66.18177,46.01228
-65.85627,46.5308
-65.79167,46.95989
-64.96499,46.73222
-64.29218,45.86972
-67.42583,45.33027
-66.65618,45.08596
-65.79995,45.63438
-65.94536,45.71386
-68.2773,47.57713
-67.54301,47.08097
-66.21001,47.91594
-67.14385,46.83645
-66.25363,45.90808
-53.4743,46.70801
-55.53559,46.93472
-52.6783,47.58182
-53.49419,47.7166
-57.62376,47.61596
-59.19222,47.86874
-53.08542,48.70126
-53.87089,48.64839
-56.78723,48.80759
-57.74377,48.17505
-58.84443,48.22512
-53.88541,49.0163
-54.48369,49.26633
-56.0239,49.75178
-57.79948,49.85593
-56.12527,50.8746
-57.34239,50.69045
-55.59776,51.37223
-60.29987,53.29591
-63.9294,53.5353
-64.71288,53.48171
-66.52966,53.04657
-61.98748,53.11685
-59.2751,52.55614
-54.88036,47.58273
-57.92655,49.4923
-56.74056,51.31228
-57.03025,53.68051
-56.36639,51.93558
-89.3135462,46.8708967
-89.5588862,46.6630819
-89.6936659,46.4189747
-88.3744415,46.1592602
-88.159086,46.0873471
-88.7363589,46.2388167
-87.1371679,46.3041157
-87.7825469,46.3252627
-87.8440118,46.5791318
-86.3861779,46.3573017
-86.2594019,46.3459485
-86.1283614,44.4308
-86.2186454,43.9040607
-86.2366709,43.4369027
-86.0308829,42.0832547
-86.1296892,42.5137079
-86.5500939,41.8738037
-85.7410523,46.6724597
-85.2062669,46.6107147
-85.3837115,46.1439425
-85.3516521,44.8226403
-85.134166,42.5960376
-85.8872149,43.0602167
-85.4136135,42.2526585
-85.7234329,42.0493317
-85.8399439,42.6383227
-85.1256579,43.5961937
-85.7505398,41.7653686
-84.7918605,46.3398246
-84.3634339,46.2155937
-84.5561649,44.0897553
-84.2523673,44.8411714
-84.4865949,44.0453127
-84.5235839,43.1829747
-84.8081892,42.1013065
-83.9934149,41.9189847
-84.4196082,41.8177964
-83.6808466,44.3339914
-83.4224989,43.3504847
-82.674596,43.5141478
-82.8972629,42.6584657
-85.1220656,44.9421489
-85.8031169,44.1177897
-85.4353239,43.7069417
-85.193661,43.1119365
-84.9695693,44.8194449
-83.6078119,44.8590077
-83.2549351,43.2370751
-83.3724184,42.6793387
-82.5527429,42.7806417
-85.8088908,44.7824305
-91.6904455,43.8139858
-93.4993444,43.8179682
-94.287449,43.7677899
-93.3337301,44.6596006
-93.4716124,44.9718866
-94.0314709,44.6299537
-94.3011859,44.3009187
-95.1992649,44.5288767
-96.0833142,44.9793225
-93.8828669,45.6049323
-93.4714512,45.1025755
-94.196858,45.1642488
-95.6548459,45.1659077
-95.432057,45.0215533
-96.0968314,45.5499007
-92.6394206,46.704186
-93.6014381,46.3671876
-95.4769368,46.7456606
-96.6109471,46.9200866
-96.4727186,46.0800609
-89.9767373,47.9338065
-90.703063,47.7313654
-91.5398453,47.7051868
-91.8050812,47.0678994
-92.9862729,47.0684835
-93.6189603,47.3400313
-95.118355,47.7910956
-96.6336288,47.5136293
-96.3099816,47.9052911
-92.4914447,48.2729265
-93.5511929,48.2863627
-94.9927589,48.9594807
-94.5534156,48.2658023
-95.6360169,48.0787087
-95.5729652,48.3032362
-96.0733136,48.7823598
-96.5804121,48.818007
-93.0194666,43.6884582
-94.307851,43.5872553
-95.7747889,43.5869507
-92.3452484,44.5207119
-93.7073028,44.4856298
-94.8259589,45.2573787
-95.2156759,45.5994247
-96.1336199,45.6583777
-92.7409299,46.5918377
-93.0960859,46.3901207
-94.1041272,46.3731723
-95.8646727,46.1225194
-90.8706119,47.7885297
-91.342574,47.5532344
-93.9058145,47.7963921
-94.0772169,47.5569137
-96.5804582,47.4408422
-92.5689762,48.30338
-95.3086167,48.7854856
-96.3165607,48.7754769
-92.091025,43.89763
-94.4892239,47.2878002
-94.885001,47.5992113
-91.3943546,31.3905325
-90.4577249,34.5002597
-89.7223899,33.6380917
-89.8130614,31.603808
-89.7137542,30.7939126
-88.5438689,34.9746087
-88.6241136,33.1507326
-88.6571809,33.8691757
-88.7900629,31.2334957
-88.7684399,30.8158367
-91.11808,33.6053333
-89.2701391,31.0534826
-88.1386101,34.6420194
-91.5470139,31.0878235
-90.4983459,34.4218377
-89.3902589,33.5589457
-89.5109799,30.6193407
-90.097125,33.2231312
-88.7992689,30.4987757
-89.2477946,36.8252566
-90.7479869,36.5936897
-91.6865341,36.8637267
-92.5003493,36.857026
-93.9101019,36.6608617
-94.2388636,36.5642282
-89.526555,37.3066269
-90.3074923,37.2598585
-91.5529269,37.3759607
-91.4239279,37.9039787
-92.9258039,37.5143127
-93.513291,37.4542087
-93.8518459,37.7705887
-94.1191991,37.1404034
-91.9847259,38.0833137
-91.6100939,38.9160367
-92.900614,38.2794376
-92.434843,38.5860411
-92.1893609,39.4571477
-92.5567869,39.4294496
-93.8041794,39.3300772
-94.6654829,39.6539807
-92.4966959,40.0661717
-90.5490559,36.9623781
-90.9894119,36.7289917
-92.9744729,36.6429207
-93.3981849,36.8802807
-89.8075467,37.2408609
-90.0763459,37.6791707
-91.0309594,37.5165109
-91.8060379,38.3512407
-92.5999229,38.1619747
-91.1438533,39.1033113
-93.1267409,39.7948327
-94.5010299,39.3970207
-92.5154419,40.1681387
-94.1422189,40.1002567
-95.0331182,40.025462
-90.6467484,37.6701567
-93.2211229,38.4464167
-94.1050404,38.6698532
-91.2159803,39.5296983
-93.7397839,39.4087287
-94.0662299,39.7131417
-91.7164602,40.4712811
-90.9431159,38.4847647
-115.0332204,48.3571764
-114.4619289,48.1080187
-110.3321782,48.0610003
-109.0648339,48.2967897
-108.7144099,48.3824357
-107.868382,48.2200197
-104.8419949,48.8382207
-115.1044549,47.2997227
-114.2006069,47.7185447
-113.9489899,47.1824757
-112.4118119,47.3060617
-111.2628629,47.4941887
-110.8958659,47.5054097
-109.4150839,47.7874097
-107.3129313,47.498806
-106.9035649,47.6042107
-105.812316,47.548833
-114.4626919,46.9175377
-113.6681583,46.7236933
-112.4949499,46.6205137
-111.9188609,46.1235467
-113.9522469,45.8507057
-110.7878949,45.5761407
-109.5466543,45.7251707
-108.7802397,45.5642095
-112.025803,44.5869032
-114.3938692,47.0312302
-114.1345589,47.6601727
-114.8109307,46.9078696
-114.4473183,45.7461729
-113.0794573,45.5347235
-112.710893,44.5611413
-115.5453879,47.8265037
-113.41292,48.808387
-111.46974,48.682302
-112.6419759,45.3790727
-111.763656,45.9146442
-113.8492175,46.0090781
-95.7947529,40.5520447
-97.5577459,40.2199177
-97.1583399,40.8872417
-98.8760679,40.6406757
-99.5023032,40.9376453
-96.1391528,41.1764063
-97.3498079,41.1630727
-97.1945039,41.4820177
-99.6487049,41.8425077
-101.2702409,41.1634457
-96.7354923,42.1915702
-98.5988124,42.7695353
-99.4624293,42.021567
-99.9988861,42.5928366
-100.5366606,42.6521647
-100.0548479,41.1770247
-102.2045289,42.7324127
-100.4720309,40.9946407
-100.7705095,41.7218051
-102.4579398,41.7858723
-103.9868089,41.6980247
-100.5364229,42.2888847
-102.7815019,42.1806217
-103.5836566,42.607185
-98.7032699,41.9425827
-97.134886,42.1847772
-103.6599064,42.2789651
-116.5900339,41.2263817
-119.7796496,40.2636938
-116.3870941,39.5518146
-115.2707624,39.3621311
-114.4976522,39.2075029
-116.4033739,38.8779597
-115.0336839,37.6075607
-114.7461089,37.6959387
-114.7610923,36.5012519
-114.7110604,35.7087118
-119.3834746,39.9432554
-119.6696108,41.833551
-118.7255249,39.4020097
-117.19377,38.8931842
-115.2763589,36.9477957
-71.8661202,42.9015085
-72.1685998,42.8007764
-70.9134599,43.2321417
-71.686612,43.1841551
-71.2880123,43.1980043
-71.6191959,43.2494327
-71.1982777,43.2499219
-71.6070436,43.3742607
-71.204272,43.4146177
-71.8805982,43.4568165
-72.3814817,43.0263963
-72.2121162,43.0768236
-72.1318885,43.5045711
-71.3885019,44.3571867
-71.3190129,44.6075764
-71.5868762,44.6832807
-71.3006396,44.8672811
-71.0680056,42.9513695
-71.3537309,44.0969107
-75.1462189,39.8314157
-75.3494715,39.3852634
-75.1074594,39.5314149
-74.9307429,40.5089177
-74.0627799,40.1672217
-74.7967659,41.1181687
-75.0997599,40.6572687
-74.6772749,41.3073947
-74.7198716,40.7140195
-74.4044889,40.6556297
-74.1800609,40.4377267
-74.585006,39.7511224
-74.5547951,39.2953945
-75.4681439,39.6959057
-74.913799,39.6694554
-74.924025,40.51139
-75.0589721,40.8833603
-74.9008117,39.0178043
-107.7013619,36.1676097
-106.3360529,36.5200127
-105.7975849,36.0797837
-104.1164099,36.5885417
-103.5750419,36.7278337
-107.2646486,35.7840111
-106.0592719,35.5233697
-105.6755989,35.5743487
-108.4498979,34.6383511
-104.2297055,34.1098564
-103.7367849,34.0200567
-108.1876061,33.9262784
-107.3217132,33.749487
-105.8493706,33.6891907
-104.8270959,33.0896297
-103.6280881,33.3149504
-108.1067589,32.3245289
-106.7294539,32.3802337
-105.7457016,32.9576087
-104.3957139,32.6557967
-108.9941583,31.9280116
-108.9214683,36.6069631
-107.4794163,36.4327042
-103.6855999,35.9792717
-108.9107183,35.2921949
-107.4433369,35.4463117
-106.779464,35.7466305
-105.3361242,35.6605096
-104.4610059,35.3881137
-103.6785946,35.8403388
-106.1909023,34.5074572
-104.9434186,34.7803261
-103.4776839,34.4636507
-108.7910908,33.644134
-107.2197419,33.5104187
-106.9502237,33.7152917
-105.0706138,33.6810096
-104.475157,33.5037118
-108.7266319,32.3972197
-107.6265249,32.9200137
-105.5729156,32.5687748
-104.6971728,32.245658
-103.1450556,32.8420703
-108.3188559,31.9176187
-107.5695189,31.8359947
-108.1239789,35.2666767
-104.3751645,35.6552916
-103.5092263,35.4023345
-107.2466969,34.8699738
-106.8715622,34.1107524
-105.8166667,34.05
-107.4876559,32.5335077
-103.2960129,32.4717827
-106.9003714,36.6191539
-105.29169,36.3350337
-104.7260509,36.6066007
-107.3003133,34.17281
-105.1106501,33.9958055
-108.010155,36.8338846
-108.523606,34.341296
-73.3894649,40.8996977
-73.9211209,41.9708297
-73.9895919,41.7522667
-74.4140959,41.3812217
-74.5802369,41.5334407
-74.3467809,42.0000917
-73.9939669,42.3521387
-74.1520169,42.4363317
-74.9237879,42.3973547
-74.4021599,42.6548767
-74.4004979,42.4848037
-74.1214389,42.1781437
-75.1557779,42.5686667
-75.9366669,42.3472227
-75.5570359,42.3180237
-75.7308889,42.5200097
-75.8032509,42.0123327
-75.0998799,42.4378997
-75.4667379,42.9082127
-76.0044449,42.3591667
-76.2599639,42.5202627
-76.0359509,42.0423777
-77.9436889,42.2779527
-77.1187369,42.8999277
-77.2581629,42.7793497
-77.2251299,42.6688307
-77.5926879,42.7071007
-77.5572209,42.9708677
-77.9559089,42.6940897
-78.8216099,42.6805707
-78.1784059,42.6178717
-78.8989789,42.2769437
-78.3611669,42.5957057
-78.1039209,42.6213397
-78.9408579,42.0548007
-78.2391139,42.4845267
-79.4116839,41.9986107
-78.8506549,43.0697617
-79.0022969,43.2572547
-78.1154029,43.1496467
-77.9620889,43.1759107
-76.6878269,43.2634447
-76.0264589,43.1693497
-76.0454869,44.0000587
-75.9023929,43.4558097
-75.4334429,43.0243237
-74.2428209,43.9701127
-74.3975289,43.5654587
-74.7918689,43.7217467
-73.3079649,43.2100377
-73.4141749,43.2108147
-73.5108119,43.0332427
-73.7371009,43.6098217
-73.7953919,43.5327757
-75.0557089,44.4354227
-74.9230359,44.1319167
-74.1807169,44.4319917
-74.7210849,44.5376687
-74.7117029,44.6461827
-73.4887779,44.4433387
-78.5902949,42.0836187
-75.7014799,44.1487467
-73.7328189,42.8235737
-74.9852279,42.0781957
-74.9252479,42.5913477
-75.6038909,42.4021987
-77.840635,42.5032347
-78.6972222,42.9563889
-74.85,43.5833333
-74.4929809,44.5249717
-73.6805499,41.3311577
-74.392304,41.2736877
-74.6305979,44.1294587
-76.65516,34.95713
-77.8775469,34.1327657
-78.0716243,34.5342189
-78.5992368,34.3209605
-77.4434709,35.9691437
-77.7112775,35.2819414
-78.3220803,35.6755372
-78.0698959,35.4161407
-79.4688523,35.9898149
-79.7044966,35.917637
-80.2919201,35.2194291
-83.8316649,35.4291357
-76.9786679,36.3581287
-77.9795614,36.2540309
-78.4863356,36.0593305
-80.6415019,36.2898447
-81.1034324,36.1431731
-81.8815194,36.0168463
-78.2125169,33.9225168
-79.2005609,34.4715967
-76.9044781,35.0476517
-76.9896438,35.6919219
-81.0657464,35.8549613
-81.6361686,35.3743051
-81.6405339,35.8278747
-82.4803436,35.5865273
-76.8406017,34.9312881
-77.6299645,34.7739701
-77.7928721,34.5909333
-78.0548779,34.4014777
-78.5809019,34.8933417
-79.8554411,34.8475995
-76.543981,35.4900673
-77.7211309,35.8648907
-78.9085878,35.5245603
-78.0169365,35.3169181
-79.8019587,35.3388703
-80.6631699,35.2425117
-80.7208082,35.9287265
-81.4564775,35.5089219
-81.4548416,35.4626322
-82.3863829,35.2966047
-84.0448309,35.1673667
-76.7205313,36.2872477
-77.8356539,35.9991587
-78.9520912,36.0899346
-79.6916268,36.2588525
-80.6901489,36.3382527
-81.5907129,36.2714197
-76.4471289,36.1444727
-77.3771141,36.5332729
-78.4392029,36.4516207
-79.4955592,36.2956484
-80.5361312,36.4958508
-81.4877504,36.5567273
-80.6053549,36.3460787
-79.1152367,36.4747308
-78.2113363,36.176991
-77.694212,36.4653338
-76.0089199,36.1860407
-83.9654629,34.9969557
-82.8386369,35.1436807
-77.1960089,35.1020747
-78.052876,35.2683392
-77.2310819,35.7523027
-79.3606499,35.1749287
-79.2812189,34.9528807
-77.3607189,34.9002767
-79.3326419,35.5906977
-75.9245906,36.4199384
-93.98366,61.09635
-60.9298,46.7198
-60.73225,45.58382
-60.63001,45.79803
-60.33924,46.15386
-62.11729,45.68557
-63.55918,45.71858
-63.9122,45.65198
-64.04303,45.98404
-62.5792,44.9369
-63.54984,44.85273
-64.61365,44.73024
-64.46916,44.52484
-65.46909,44.75239
-65.92385,44.11857
-65.24425,43.79576
-65.62198,43.41355
-63.44884,45.29564
-80.37183,42.67885
-82.72987,42.11611
-79.91673,43.95838
-79.76023,43.55513
-80.85084,43.09018
-81.69966,43.83194
-81.5323,43.77228
-75.58905,44.94773
-76.7748,44.26177
-77.37166,44.0782
-77.00984,44.35414
-78.39805,44.20242
-79.64115,44.72102
-80.74133,44.593
-81.23315,44.3202
-76.91573,45.56464
-77.74688,45.50222
-82.24279,42.70078
-91.47084,48.70389
-89.9916,48.23844
-81.73699,45.78934
-79.0951,46.27446
-79.87304,48.282
-78.88372,46.09071
-88.31655,49.30887
-79.71763,47.47971
-82.29428,46.46036
-78.115357,44.83456
-79.62024,45.11569
-93.63376,48.84596
-94.24841,49.72531
-94.34563,50.75942
-81.59532,44.16737
-82.83119,45.81092
-84.36007,46.74974
-85.79199,49.15011
-84.55784,48.08636
-81.49504,49.48807
-92.89039,48.72237
-94.16309,48.67914
-85.75901,48.71426
-92.65855,50.03702
-80.86188,49.05874
-90.04333,52.06166
-76.36333,44.845
-78.07563,44.2882
-79.18377,44.33161
-74.96719,45.17213
-78.99547,45.32436
-93.09186,49.85182
-83.55051,46.29842
-83.94054,47.6037
-81.65363,42.94872
-79.97389,43.87942
-80.20405,43.14654
-80.53841,43.54414
-81.15629,43.3777
-81.19779,43.81091
-75.97061,44.7746
-76.54203,44.65798
-77.40555,44.35817
-77.54573,44.88081
-77.36666,44.26666
-79.57067,44.99081
-79.96892,44.02166
-74.46666,45.5
-75.55894,45.17238
-76.11583,45.4745
-77.41658,45.99484
-79.39401,45.70066
-81.0119,48.58061
-80.2726,45.52651
-81.35751,46.2839
-80.41601,46.36231
-79.77074,47.98789
-80.69264,47.95967
-78.50863,45.04637
-79.03329,45.21232
-85.27316,48.59287
-90.43318,49.09412
-89.35359,49.16465
-81.84851,48.23833
-86.17162,49.43124
-81.66778,47.74664
-93.20644,50.1338
-93.23289,50.63737
-90.69727,50.22283
-89.15741,50.0685
-90.16285,51.47852
-89.8909,51.64789
-79.66226,46.01461
-82.16123,45.82761
-81.12374,44.78065
-80.63047,43.89873
-78.36907,43.98663
-79.29061,43.0067
-80.22835,43.38382
-76.67859,44.54259
-76.60416,44.51333
-77.67097,44.50763
-78.56487,44.52238
-79.04431,44.58798
-74.71319,45.15846
-75.92689,45.23886
-77.02318,45.37971
-78.09241,45.07239
-79.5929,45.45507
-80.042,45.38073
-79.43699,45.728
-97.6746757,46.1531849
-97.0100549,46.4854717
-98.6828159,46.3406907
-99.4688039,46.8060287
-99.4821999,46.1428537
-97.6029243,47.845638
-97.4077439,47.9619307
-98.2439809,47.4859247
-98.4885929,47.1679867
-99.6292032,47.0675197
-99.0545676,47.0807973
-97.1848759,48.7529697
-97.5356201,48.4560524
-98.7246389,48.2818817
-99.3513109,48.2672307
-100.5587399,47.2727187
-102.8519519,46.9484737
-102.6094959,47.4987607
-101.6472319,48.4447167
-101.5405509,48.8647667
-102.4614329,48.2692787
-96.7567323,46.4129929
-100.6573939,48.4004127
-101.9319632,47.4076426
-103.3213579,47.2340597
-103.5450979,47.6171277
-101.6387111,45.9442265
-103.9865945,46.7309876
-102.0608219,46.1041487
-101.9283519,46.7758047
-102.6906819,48.6621167
-101.5077209,47.7465897
-100.0542839,47.6462687
-100.1056369,46.6039277
-100.2489187,48.8496871
-98.797372,46.7251818
-98.433359,48.02897
-100.7951918,46.2845786
-101.4765709,46.4874487
-84.1216579,41.3867557
-84.5147859,41.6511517
-82.9962929,41.0376017
-83.087075,41.4427171
-83.7075339,41.1974257
-82.2354939,41.2506217
-81.002582,41.1788496
-81.0750897,41.4687714
-80.7420743,41.6803821
-80.9900079,41.3710349
-84.1838359,40.4824537
-84.1972889,40.9809757
-83.7262559,40.1540697
-83.2978987,40.246894
-82.6249903,40.4606653
-82.1083506,40.8786396
-82.7639629,40.4600977
-81.1683844,40.6059796
-81.8999167,40.1062833
-84.6652972,39.493375
-83.8637013,39.3611652
-83.8036269,39.6821707
-82.6751939,39.1991097
-82.1680389,39.3166637
-82.9107789,39.1527143
-82.5305735,39.9655986
-82.2853793,39.2309737
-81.3554829,39.4158977
-81.8827139,39.2701767
-81.6718899,39.8938347
-83.4163514,38.6696358
-82.7884369,38.8817267
-83.4580032,41.5440972
-82.8822098,41.4083645
-81.0505989,41.3256857
-82.8994756,40.0945941
-81.5841149,40.3076787
-81.4172305,40.1037173
-83.8484908,39.5569036
-83.4658472,39.8496832
-83.9166709,39.8881087
-81.5807429,39.5671857
-94.7071599,34.5662622
-96.828193,34.448321
-94.8876259,35.8426817
-95.6484468,35.1693515
-96.434896,35.1013362
-96.1218109,35.7262277
-97.4236139,35.1750957
-99.7351069,35.4656557
-99.8852919,35.2628247
-94.6982489,36.9292257
-95.1256319,36.9173437
-95.8134099,36.4091897
-96.0624096,36.7671854
-97.6037139,36.2318987
-98.9715489,36.6600227
-99.3626644,36.9436159
-99.7284459,36.7098467
-102.7866028,36.5876204
-94.5655139,33.9247807
-94.9309459,34.5280637
-97.4574519,34.4198537
-95.5709839,35.7256547
-96.2929845,35.9702777
-98.3945919,35.3485437
-99.0221019,35.5805137
-94.6654907,36.3215256
-95.6865475,36.2929021
-96.3635719,36.7524787
-98.1634589,36.6516197
-99.5786444,36.2392945
-100.3431859,36.5291627
-101.1876829,36.7764517
-102.2655719,36.7771067
-95.3548669,34.5284297
-96.0493689,36.3614547
-63.99116,47.01855
-62.36825,46.31964
-63.52906,46.22164
-76.11098,45.55411
-76.29326,46.26955
-73.33089,45.08068
-73.40518,45.72505
-74.09216,45.78486
-74.1781,45.42771
-72.56856,45.94331
-72.86899,45.24805
-76.02778,46.36548
-74.74944,46.63097
-73.89569,46.03683
-72.39422,46.16008
-71.56199,46.6642
-71.07816,46.04703
-70.93779,46.51041
-70.62082,47.6483
-70.08943,47.33844
-79.1466,49.03846
-71.45458,48.84299
-70.02851,48.14724
-68.91577,47.94668
-67.6717,48.56846
-64.61679,48.91328
-61.90239,47.39233
-77.08658,50.13922
-77.64675,49.76296
-69.36874,48.8409
-63.50254,50.26536
-70.86378,45.38563
-73.63845,50.4371
-74.23159,50.03543
-68.6295,50.80844
-61.99508,50.21951
-72.27544,46.37695
-71.07196,46.88938
-70.53163,46.27008
-79.36739,47.20056
-78.85035,47.63854
-73.38709,47.06762
-72.82739,47.4504
-70.75269,47.1705
-71.78683,48.09664
-70.63801,48.20147
-64.31785,48.41961
-67.38531,50.23975
-76.65324,45.58996
-75.00038,46.39086
-71.80553,46.32389
-78.99318,46.6391
-72.7042,48.76247
-71.51713,47.81612
-71.08281,47.09702
-79.01686,48.19964
-77.99408,48.35733
-70.58414,48.03332
-69.10806,48.62983
-67.62379,49.32928
-66.79284,50.63438
-75.85907,45.52493
-74.68304,45.79067
-72.38092,45.30282
-71.86081,45.45069
-75.91864,46.38083
-73.42698,46.32684
-72.81298,46.60491
-70.02229,46.73835
-69.42401,47.54839
-77.94251,48.70494
-67.83768,48.66746
-66.25886,48.22419
-66.8244,48.04603
-73.81483,46.55837
-71.72239,46.55175
-70.61501,47.64208
-71.04081,47.34389
-106.73266,52.95846
-107.97894,52.23764
-107.43122,53.4825
-107.23426,54.70829
-104.58456,49.43546
-106.55085,49.96035
-108.30864,49.55277
-109.74971,49.66796
-104.27272,50.57177
-109.95185,50.80496
-104.47251,51.27037
-105.82708,51.41636
-106.63717,51.56189
-104.23693,52.66722
-106.21899,52.0567
-107.40788,52.23109
-105.53702,53.29236
-108.62506,53.27804
-108.62772,54.42174
-104.84993,51.99818
-107.13764,51.6997
-103.60089,52.08582
-109.53173,49.96045
-106.55868,50.68855
-123.3149615,45.76385
-122.7875574,45.3836599
-121.9218136,45.0787281
-116.7795945,45.72192
-123.8027616,44.5508867
-121.2737049,44.1598087
-119.2408498,44.2168556
-118.5877689,44.1328667
-117.9704899,44.5020757
-122.5593339,43.9074737
-120.6637819,43.1649665
-119.696796,43.3390029
-118.5355243,43.6934896
-123.2140269,42.9708857
-121.8048799,42.373981
-123.2611839,44.7201827
-122.7713389,44.7117487
-117.2062679,45.2809207
-123.0213309,45.2250267
-122.2563686,45.2552468
-121.4834369,45.5378447
-119.1134189,44.4171957
-123.5888313,43.6488244
-122.3456805,43.2980868
-121.8048399,43.9851247
-124.2474371,42.2539829
-119.4780049,42.0147517
-124.1984709,43.5201617
-122.7954061,42.5330796
-120.5617158,44.3417036
-123.368287,46.0240767
-121.7938709,44.4919169
-122.5366725,42.1116865
-121.01745,42.38999
-123.6071629,45.3325047
-122.7018488,45.2946161
-121.3798835,45.2220066
-117.4514159,45.9459607
-121.0586193,44.6282948
-120.1210669,44.4616613
-119.9279329,44.5221367
-117.1876246,44.7983921
-124.0250629,42.7851549
-123.0636979,42.2219917
-122.4215469,42.4934857
-120.7495196,42.3450345
-123.4029079,45.0082537
-122.9589506,44.9709099
-121.5215586,44.3919161
-119.4272309,44.8230607
-123.2383928,43.8371705
-121.7738733,43.2756335
-122.5754307,42.7381828
-121.8315359,42.8675627
-120.1599889,42.0624827
-119.5878481,42.5779778
-117.1751241,42.5261832
-120.12219,44.669185
-80.4945401,41.6375228
-80.3392441,41.0816642
-80.3204561,41.7146604
-79.9582379,41.8051937
-79.3470999,41.5335247
-79.9481349,41.7528857
-79.0916519,41.2987587
-79.0433273,41.6359508
-79.2031479,41.3997727
-78.0649572,41.1631773
-78.08346,41.6976452
-78.3955159,41.6864267
-78.8505629,41.5603287
-78.7387779,41.4207597
-78.6077306,41.6212967
-78.1593319,41.7379447
-77.2415709,41.2725507
-77.1203469,41.6588017
-77.9672237,41.553018
-77.4017208,41.8772966
-77.2939995,41.0712247
-77.9110382,41.6430967
-76.6638159,41.3121387
-76.903319,41.8749574
-76.0235889,41.7460317
-76.0658601,41.9588688
-76.9073399,41.4410897
-76.4559998,41.2289
-76.4792479,41.1152527
-75.3893569,41.1159967
-75.2677314,41.549667
-75.2513179,41.3403297
-75.231938,41.2581129
-75.6172024,41.9413666
-75.4205569,41.7952107
-80.3072164,40.6944365
-80.3456272,40.1607284
-80.3260179,40.0771657
-79.2376019,40.6243617
-79.5569899,40.8479343
-79.4811859,40.4897627
-79.7089598,40.9651065
-79.2349941,40.6673234
-79.3662002,40.8006168
-78.9943469,40.4757717
-78.5766909,40.6677047
-78.329529,40.335141
-78.0608234,40.9149712
-78.203532,40.428119
-78.339499,40.4467888
-78.2178879,40.7309987
-78.1386279,40.5712157
-77.8241719,40.7666107
-77.6852029,40.3760787
-77.5415709,40.7019007
-77.0638289,40.0572077
-77.8942099,40.6956947
-77.3969039,40.5680517
-76.7190419,40.2118951
-76.7674909,40.4840637
-75.9610008,40.7874732
-75.4610252,40.168557
-75.9991309,40.6899507
-75.3435909,40.8040057
-80.0595075,39.9302972
-79.0688169,39.8744757
-78.9557489,39.7803177
-80.0351733,41.0707632
-79.1534323,41.9931298
-77.2775949,41.4517767
-77.0343089,41.2137917
-76.9628251,41.546735
-80.1512697,40.9179173
-79.5781489,40.3748197
-79.2656249,40.1983067
-77.3695842,40.3267106
-77.668064,40.238028
-76.9345269,40.5023917
-76.464419,40.1439152
-76.4627658,40.2721512
-76.283221,40.18613
-76.3233736,40.2953187
-75.2922457,40.4295725
-75.6611919,40.2282327
-79.4174638,39.9853173
-78.1771689,39.8666007
-77.2339653,39.9812621
-77.4911579,39.7442404
-76.4670089,39.7690727
-76.8883173,39.9214279
-75.8170428,39.7863078
-76.1717449,40.2005127
-79.6942904,33.2862522
-81.0334581,32.2511024
-79.4348459,33.6458617
-79.7849141,34.0240154
-81.4906299,33.6937497
-80.2141711,34.1944419
-83.2805093,34.6616003
-82.2729506,33.8064239
-82.15584,35.055104
-83.014022,34.926442
-81.5465039,35.0799639
-82.0911916,34.0395565
-81.0479519,33.1451427
-79.327825,33.6193783
-80.6830998,32.5362314
-80.2609479,32.9525947
-81.4778659,34.0867789
-82.6539427,34.6896995
-82.1092506,34.7522612
-81.9817129,35.0971457
-96.8856776,43.3306215
-97.8751124,43.284162
-97.4702229,43.9499467
-98.6458819,43.8312097
-99.3437499,43.9043437
-99.8703379,43.3137817
-100.8980976,43.2008645
-96.9486732,44.2320836
-97.9423379,44.9067977
-97.6708995,44.0157709
-99.2503172,44.121783
-99.5004818,44.1738082
-96.7190699,45.4278547
-97.3322679,45.8489747
-97.7103493,45.7331549
-98.8284656,45.9390434
-99.2629045,45.8541675
-100.5576004,45.1286458
-100.6150464,45.3558482
-102.5874329,44.0210147
-103.1333309,44.5118757
-103.640174,43.8204584
-101.3067249,44.2125557
-103.7823662,45.2341239
-101.9591186,43.7410071
-100.4910279,44.3862037
-102.5581808,45.1458023
-103.0327882,45.545678
-102.9426799,45.8344327
-101.0672759,45.1866557
-101.4293209,45.4728047
-101.1351779,44.3721307
-103.6802059,43.1154997
-103.5145345,43.9250683
-103.8404699,44.2591557
-103.8948268,44.1823942
-103.6980332,44.1230277
-103.505933,43.7260521
-103.7667248,43.8122287
-89.4379279,36.4175101
-89.3754293,35.0517759
-89.3824309,35.5377957
-89.0787139,35.3612207
-88.5485594,35.4115013
-88.8148959,35.3431047
-88.9027887,35.9420253
-86.9969029,36.1745577
-87.6852374,35.1607149
-87.3276749,35.8791357
-87.1440788,35.3492078
-87.6791989,35.4941757
-86.6658089,36.5086597
-86.6657259,35.3350377
-86.8259959,35.8589627
-86.1676666,35.7357596
-85.7051469,36.0984567
-85.6700349,36.5041157
-85.9158515,35.3801394
-85.6693511,35.1735485
-84.2932022,36.4907462
-84.3613059,36.2936637
-84.1514213,35.9135129
-84.3482669,36.0487507
-83.5013209,36.1754317
-83.9205469,35.9074137
-82.9128272,36.0465477
-82.077152,36.3180044
-87.7500558,36.5507429
-85.3637195,35.1093452
-85.1666632,35.3018852
-84.3982929,35.1013137
-83.8099149,35.7304657
-97.3519969,26.1912547
-98.135998,26.8901748
-98.6026759,26.9019917
-97.9466526,27.5323198
-98.8220264,27.0738442
-95.6139832,28.9083337
-97.9666688,28.9215455
-98.3175579,28.2807187
-98.38854,28.6737143
-94.3415601,29.6706502
-94.4007057,29.7343527
-95.2442265,29.1267731
-95.831598,29.7863554
-96.9354075,29.0185167
-96.5090789,29.5342447
-97.0259942,29.7858555
-97.7494969,29.8219637
-98.6494589,29.8739777
-97.9801349,29.2751357
-94.9336495,30.7110692
-95.5021369,30.5338929
-98.7351553,30.9594551
-99.1490406,30.3551169
-99.4476549,30.9858627
-95.8749629,31.8055475
-96.6110675,31.3143036
-97.9068817,31.1829158
-98.0448208,31.1320902
-98.1724883,31.4345362
-99.5652708,31.2869724
-99.1642919,31.5020577
-94.1555047,32.4388568
-95.7430805,32.1808084
-96.1349747,32.5698812
-97.7298261,32.6900934
-98.0495578,32.1649434
-99.2729117,32.2195028
-99.1330879,32.8297577
-94.7471681,33.3601066
-94.5044339,33.5678857
-95.8107075,33.0520824
-95.4858724,33.2195339
-96.7585531,33.6818377
-97.460791,33.0581596
-97.2713009,33.5610847
-98.9245219,33.3624717
-99.1899265,33.9054886
-101.2407759,29.9214837
-103.0065204,29.1904253
-102.8239829,29.4492397
-100.9172129,31.1844187
-101.9691922,31.2059844
-103.4483656,30.2861238
-104.199257,31.840983
-101.5601204,33.1811653
-102.9569019,33.3441307
-100.8301009,34.9337877
-102.2361909,34.2015977
-103.0224928,36.3795334
-101.3253641,34.0502491
-100.0782169,33.9321437
-102.8346237,32.1286341
-100.6269467,32.8875543
-102.3888389,31.0629737
-98.8715669,26.5738227
-99.778572,28.1788677
-95.8000355,30.7848996
-96.7200416,30.7618885
-97.5857079,30.6915827
-98.0582098,30.2495701
-95.9711149,31.8546877
-99.6563415,33.3645608
-104.0259486,30.0400667
-104.15497,30.93882
-99.1225297,26.780834
-99.266437,27.9766671
-96.0651288,33.3677874
-97.9422829,26.1561647
-98.5051649,27.2961057
-99.72838,27.7100642
-98.1198269,28.5116467
-94.0432501,29.9141577
-95.6187829,29.1806007
-100.0117796,29.5379301
-103.6103013,29.1679858
-104.3750526,29.5704974
-95.6260432,30.6060845
-96.6532289,30.2009897
-97.7817189,30.0926544
-98.8827669,30.5504297
-99.7103499,30.3038597
-101.322565,30.142815
-102.6068259,30.5964387
-103.3672874,30.6112157
-103.9442869,30.8111277
-93.9263149,31.6172317
-94.0901569,31.1248877
-95.3001789,31.5634237
-101.7186781,31.5830183
-103.5995099,31.7050087
-104.9764329,31.7554957
-105.3339159,31.2076027
-106.6131975,31.846782
-94.5702105,32.3870612
-95.2839819,32.0682917
-96.0240475,32.7789408
-97.4981958,32.3141319
-98.3699292,32.6265908
-100.6472268,32.0702794
-101.9072519,32.5696495
-101.9269126,32.0722749
-96.1615219,33.1368767
-97.5540547,33.2866481
-98.7516259,33.3828607
-100.6989509,33.3563297
-101.0640709,33.9192767
-102.7840429,33.2702077
-99.8933569,34.5047657
-100.7371219,34.6030047
-100.9735949,35.3720817
-97.65234,26.9305414
-103.3781816,30.2378528
-104.4532389,30.0746005
-103.9171669,30.561739
-97.695112,27.3477527
-99.4368652,27.0420753
-101.7373875,29.9439794
-105.55087,31.0025107
-98.6520979,31.6159727
-99.4248794,31.5930797
-94.044829,33.0955235
-97.160194,28.03785
-103.18383,31.696603
-113.1087879,41.4379387
-112.4954989,41.2587657
-114.0286489,40.4591417
-112.2278059,39.3549717
-111.9543769,39.9004437
-110.5606389,39.5972957
-112.6462479,38.2041397
-111.3539579,38.4740357
-110.7118149,38.3728587
-113.4586179,37.7942977
-112.7998329,37.4140427
-111.1870049,37.9276397
-110.3674399,37.8867207
-113.6309279,41.9667767
-111.2646329,39.5919247
-113.9835809,40.0358487
-112.0953299,40.0721647
-109.3309479,40.3698817
-113.4837109,39.6107407
-110.6649019,39.0822697
-109.1712729,40.0155117
-112.0016859,38.4908847
-111.1290969,38.2836597
-110.2806089,38.4728807
-109.8799969,38.7364137
-113.6579899,37.8962567
-112.8619309,37.0000397
-111.8435129,37.8217747
-110.7124489,37.5756917
-109.4037019,37.6748957
-112.0839389,41.5821437
-111.3388129,41.7238327
-112.4592049,40.0122597
-109.2579279,40.8583267
-113.2671429,39.8792347
-110.9978409,39.2209137
-113.7700499,37.0690767
-112.3240509,37.4597237
-111.6624229,37.0775177
-111.7942819,41.6247767
-113.1803129,41.6548957
-110.5665511,38.6304603
-113.7944189,41.8445587
-112.4806369,40.5999027
-111.3142929,40.6360057
-110.8925939,40.4606587
-109.0548549,40.5888487
-109.1242599,39.0819137
-113.3740539,39.0134257
-112.6055759,38.5160977
-111.5181729,38.3096747
-110.1670069,38.9815407
-109.4157869,38.1882837
-113.5482669,37.6616527
-112.4560459,37.3250947
-111.6654509,37.7695327
-109.5097889,37.9027647
-109.38558,38.447119
-110.62786,39.6723067
-73.2805777,42.8089741
-72.9535464,43.0451274
-72.5853589,43.4717157
-72.7210716,43.7503293
-72.2608612,43.8966381
-73.0190299,43.4057997
-73.0950522,43.6132776
-71.9519914,44.4324199
-72.6813129,44.1638277
-72.6267127,44.3174883
-72.3791513,44.5503853
-73.1718258,44.5286856
-73.2760665,44.7616696
-72.1450781,44.1202726
-72.673169,44.534142
