"","V1","V2","V3","V4","V5","V6","V7","V8","V9"
"1",1,0.558660823012707,0.265635213578749,0.606950630909429,0.716736837406573,0.560766567522416,0.788480083071873,0.411740474833276,-0.104185569171963
"2",0,1,0.0710513911615726,0.708909136156498,0.802962178929003,0.38000355408449,0.680105726312917,0.218496379784606,-0.0998799651230361
"3",0,0,1,0.283751871785949,0.211187652646056,0.330748812473566,0.341594604293466,0.333367973772728,0.0400133644388006
"4",0,0,0,1,0.510393725112256,0.177528720234746,0.547496513325236,0.296414579019724,0.179566222370815
"5",0,0,0,0,1,0.371189558265268,0.680242024155832,0.27073428786548,-0.0578119660365882
"6",0,0,0,0,0,1,0.472493599410528,0.24929316226072,-0.132233285692947
"7",0,0,0,0,0,0,1,0.381129816363722,-0.0687091253470656
"8",0,0,0,0,0,0,0,1,-0.100563681249295
"9",0,0,0,0,0,0,0,0,1
